{"web":{"auth_uri":"https://accounts.google.com/o/oauth2/auth","client_secret":"PjKlVpFymjkO1tt7w9viv9a9","token_uri":"https://accounts.google.com/o/oauth2/token","client_email":"13140951618-15nik769cellkubaqnjk5facdib2dh4d@developer.gserviceaccount.com","redirect_uris":["https://localhost:5000/callback","http://localhost:5000/callback"],"client_x509_cert_url":"https://www.googleapis.com/robot/v1/metadata/x509/13140951618-15nik769cellkubaqnjk5facdib2dh4d@developer.gserviceaccount.com","client_id":"11010107052-vbclk01pda9beneni62dnj1556t3av24.apps.googleusercontent.com","auth_provider_x509_cert_url":"https://www.googleapis.com/oauth2/v1/certs","javascript_origins":["http://localhost","https://udacity-oauth.herokuapp.com","http://udacity-oauth.herokuapp.com","http://localhost:5000"]}}
